timestamp,open,high,low,close
2026-06-10 09:30:00,7350.54,7355.29,7330.83,7330.83
2026-06-10 09:35:00,7330.64,7365.26,7328.42,7358.81
2026-06-10 09:40:00,7359.3,7375.41,7346.51,7375.41
2026-06-10 09:45:00,7375.39,7382.39,7367.12,7379.67
2026-06-10 09:50:00,7379.96,7379.96,7361.71,7369.37
2026-06-10 09:55:00,7369.44,7379.71,7366.1,7370.49
2026-06-10 10:00:00,7370.84,7384.65,7363.6,7378.18
2026-06-10 10:05:00,7378.46,7387.01,7372.63,7384.57
2026-06-10 10:10:00,7384.76,7388.6,7377.36,7379.7
2026-06-10 10:15:00,7379.63,7383.11,7370.95,7379.33
2026-06-10 10:20:00,7378.75,7396.5,7375.31,7395.63
2026-06-10 10:25:00,7395.58,7396.56,7380.21,7385.89
2026-06-10 10:30:00,7385.44,7391.18,7371.88,7390.79
2026-06-10 10:35:00,7391.16,7391.9,7373.63,7378.31
2026-06-10 10:40:00,7378.21,7385.45,7369.35,7369.35
2026-06-10 10:45:00,7368.92,7373.27,7358.31,7362.05
2026-06-10 10:50:00,7362.12,7369.05,7354.58,7358.22
2026-06-10 10:55:00,7358.69,7360.92,7334.76,7341.49
2026-06-10 11:00:00,7341.55,7355.99,7331.83,7343.13
2026-06-10 11:05:00,7343.18,7343.74,7329.97,7330.36
2026-06-10 11:10:00,7330.39,7331.83,7319.21,7319.56
2026-06-10 11:15:00,7319.42,7319.42,7307.65,7314.92
2026-06-10 11:20:00,7314.97,7335.46,7313.52,7330.74
2026-06-10 11:25:00,7330.96,7337.21,7327.16,7327.68
2026-06-10 11:30:00,7327.11,7334.53,7318.67,7323.42
2026-06-10 11:35:00,7323.26,7328.73,7313.69,7320.4
2026-06-10 11:40:00,7320.59,7337.16,7317.12,7335.0
2026-06-10 11:45:00,7335.19,7339.16,7304.08,7312.5
2026-06-10 11:50:00,7312.26,7327.19,7297.79,7321.91
2026-06-10 11:55:00,7320.98,7332.34,7314.67,7331.41
2026-06-10 12:00:00,7331.4,7336.79,7323.31,7327.34
2026-06-10 12:05:00,7327.35,7332.1,7318.61,7319.68
2026-06-10 12:10:00,7320.86,7320.86,7311.06,7313.97
2026-06-10 12:15:00,7314.14,7321.75,7313.51,7317.95
2026-06-10 12:20:00,7317.58,7320.72,7311.79,7313.13
2026-06-10 12:25:00,7312.95,7320.36,7312.69,7318.45
2026-06-10 12:30:00,7318.47,7327.44,7313.13,7327.44
2026-06-10 12:35:00,7327.51,7334.57,7322.87,7331.17
2026-06-10 12:40:00,7331.12,7334.3,7317.54,7321.0
2026-06-10 12:45:00,7320.98,7320.98,7306.89,7312.9
2026-06-10 12:50:00,7312.87,7321.87,7309.65,7314.87
2026-06-10 12:55:00,7314.76,7316.02,7307.41,7315.74
2026-06-10 13:00:00,7315.69,7325.18,7312.78,7323.74
2026-06-10 13:05:00,7323.49,7323.56,7308.08,7309.45
2026-06-10 13:10:00,7309.02,7309.2,7299.72,7301.75
2026-06-10 13:15:00,7301.8,7305.53,7299.16,7301.64
2026-06-10 13:20:00,7301.53,7307.11,7299.66,7306.25
2026-06-10 13:25:00,7306.67,7309.85,7303.67,7308.08
2026-06-10 13:30:00,7308.25,7308.78,7297.09,7300.59
2026-06-10 13:35:00,7300.9,7300.9,7293.3,7293.49
2026-06-10 13:40:00,7293.72,7297.38,7291.23,7291.59
2026-06-10 13:45:00,7291.58,7317.95,7291.36,7315.0
2026-06-10 13:50:00,7315.09,7316.41,7302.46,7311.07
2026-06-10 13:55:00,7311.37,7319.6,7310.53,7318.41
2026-06-10 14:00:00,7318.36,7328.93,7318.0,7328.93
2026-06-10 14:05:00,7328.93,7329.16,7317.46,7317.61
2026-06-10 14:10:00,7317.44,7324.09,7317.44,7319.32
2026-06-10 14:15:00,7319.32,7324.29,7307.67,7309.94
2026-06-10 14:20:00,7310.03,7315.68,7305.84,7311.6
2026-06-10 14:25:00,7311.7,7312.49,7306.84,7307.74
2026-06-10 14:30:00,7307.73,7307.73,7301.44,7302.56
2026-06-10 14:35:00,7302.58,7302.58,7294.08,7297.24
2026-06-10 14:40:00,7297.29,7300.07,7293.71,7297.38
2026-06-10 14:45:00,7297.17,7297.17,7291.53,7291.53
2026-06-10 14:50:00,7291.44,7291.91,7282.47,7289.48
2026-06-10 14:55:00,7289.55,7289.97,7282.14,7286.48
2026-06-10 15:00:00,7286.69,7292.21,7281.09,7285.82
2026-06-10 15:05:00,7285.91,7292.61,7282.81,7289.84
2026-06-10 15:10:00,7289.68,7289.83,7280.79,7282.29
2026-06-10 15:15:00,7282.45,7283.79,7275.52,7277.1
2026-06-10 15:20:00,7277.16,7277.23,7269.88,7273.06
2026-06-10 15:25:00,7273.19,7274.13,7267.35,7272.85
2026-06-10 15:30:00,7272.21,7283.16,7269.22,7281.0
2026-06-10 15:35:00,7281.19,7288.19,7279.14,7287.28
2026-06-10 15:40:00,7287.07,7288.98,7278.91,7284.59
2026-06-10 15:45:00,7284.42,7285.65,7274.36,7280.08
2026-06-10 15:50:00,7280.23,7290.0,7269.08,7280.08
2026-06-10 15:55:00,7280.25,7283.9,7265.93,7267.65
2026-06-10 16:00:00,7266.61,7267.71,7266.61,7266.99
2026-06-10 16:05:00,7266.99,7266.99,7266.99,7266.99
2026-06-10 16:10:00,7266.99,7266.99,7266.99,7266.99
2026-06-10 16:15:00,7266.99,7266.99,7266.99,7266.99
2026-06-10 16:20:00,7266.99,7266.99,7266.99,7266.99
2026-06-10 16:40:00,7266.99,7266.99,7266.99,7266.99
2026-06-11 09:30:00,7287.67,7303.4,7283.36,7284.13
2026-06-11 09:35:00,7284.15,7295.1,7280.41,7284.37
2026-06-11 09:40:00,7284.43,7289.68,7276.92,7285.26
2026-06-11 09:45:00,7284.93,7309.71,7281.45,7299.49
2026-06-11 09:50:00,7299.22,7327.86,7299.22,7323.14
2026-06-11 09:55:00,7323.01,7327.9,7306.92,7309.01
2026-06-11 10:00:00,7309.78,7327.84,7308.67,7324.31
2026-06-11 10:05:00,7323.7,7323.7,7310.97,7313.79
2026-06-11 10:10:00,7313.5,7314.51,7290.81,7291.05
2026-06-11 10:15:00,7291.26,7296.91,7281.55,7283.2
2026-06-11 10:20:00,7283.38,7307.99,7282.66,7305.03
2026-06-11 10:25:00,7304.18,7309.33,7289.5,7300.94
2026-06-11 10:30:00,7300.77,7304.72,7289.6,7294.01
2026-06-11 10:35:00,7294.96,7312.7,7293.77,7304.56
2026-06-11 10:40:00,7304.48,7310.83,7299.01,7299.05
2026-06-11 10:45:00,7298.74,7302.37,7291.41,7293.53
2026-06-11 10:50:00,7293.92,7294.75,7283.72,7286.48
2026-06-11 10:55:00,7286.54,7286.54,7263.78,7268.94
2026-06-11 11:00:00,7268.81,7275.09,7257.33,7272.05
2026-06-11 11:05:00,7271.79,7285.01,7266.35,7278.65
2026-06-11 11:10:00,7278.98,7290.8,7278.19,7286.96
2026-06-11 11:15:00,7286.68,7296.25,7280.06,7285.33
2026-06-11 11:20:00,7285.31,7299.08,7284.41,7295.24
2026-06-11 11:25:00,7294.9,7297.94,7284.81,7286.12
2026-06-11 11:30:00,7285.07,7290.28,7279.87,7287.49
2026-06-11 11:35:00,7287.75,7300.69,7287.55,7297.31
2026-06-11 11:40:00,7297.09,7305.31,7287.64,7290.87
2026-06-11 11:45:00,7291.07,7296.44,7286.63,7290.32
2026-06-11 11:50:00,7290.2,7290.37,7282.98,7284.58
2026-06-11 11:55:00,7284.75,7295.37,7281.08,7293.54
2026-06-11 12:00:00,7293.36,7302.0,7288.85,7291.61
2026-06-11 12:05:00,7292.18,7304.25,7290.45,7302.58
2026-06-11 12:10:00,7302.71,7313.13,7301.55,7310.35
2026-06-11 12:15:00,7310.49,7314.28,7306.32,7309.19
2026-06-11 12:20:00,7309.61,7312.05,7298.17,7298.23
2026-06-11 12:25:00,7298.47,7299.93,7291.12,7291.37
2026-06-11 12:30:00,7291.56,7310.56,7287.48,7305.66
2026-06-11 12:35:00,7305.64,7310.97,7298.31,7299.24
2026-06-11 12:40:00,7299.26,7300.55,7296.39,7298.4
2026-06-11 12:45:00,7298.26,7301.07,7294.15,7294.91
2026-06-11 12:50:00,7295.06,7295.68,7283.66,7283.66
2026-06-11 12:55:00,7283.8,7284.63,7277.23,7277.37
2026-06-11 13:00:00,7277.32,7283.15,7268.62,7270.81
2026-06-11 13:05:00,7270.85,7280.26,7270.68,7279.19
2026-06-11 13:10:00,7279.16,7283.76,7274.52,7275.34
2026-06-11 13:15:00,7275.31,7277.57,7266.52,7269.0
2026-06-11 13:20:00,7269.09,7273.47,7265.01,7272.58
2026-06-11 13:25:00,7272.56,7337.15,7272.01,7337.15
2026-06-11 13:30:00,7336.96,7360.16,7335.71,7352.71
2026-06-11 13:35:00,7353.14,7356.66,7344.88,7354.07
2026-06-11 13:40:00,7354.37,7377.88,7352.04,7375.56
2026-06-11 13:45:00,7375.15,7377.56,7358.4,7359.73
2026-06-11 13:50:00,7360.01,7361.08,7347.22,7356.02
2026-06-11 13:55:00,7356.0,7363.44,7350.22,7362.4
2026-06-11 14:00:00,7362.36,7367.88,7341.29,7345.02
2026-06-11 14:05:00,7344.95,7350.65,7338.36,7343.88
2026-06-11 14:10:00,7344.16,7355.19,7343.79,7355.01
2026-06-11 14:15:00,7355.09,7370.06,7354.03,7368.71
2026-06-11 14:20:00,7368.77,7368.77,7351.57,7358.17
2026-06-11 14:25:00,7357.93,7361.45,7355.7,7356.84
2026-06-11 14:30:00,7357.1,7365.84,7356.06,7357.94
2026-06-11 14:35:00,7358.03,7361.66,7354.5,7355.58
2026-06-11 14:40:00,7355.47,7362.48,7353.49,7362.08
2026-06-11 14:45:00,7361.99,7371.46,7361.26,7370.73
2026-06-11 14:50:00,7370.7,7374.82,7370.19,7370.31
2026-06-11 14:55:00,7370.36,7371.71,7364.75,7370.09
2026-06-11 15:00:00,7370.21,7378.55,7369.84,7375.66
2026-06-11 15:05:00,7376.17,7377.01,7366.7,7374.64
2026-06-11 15:10:00,7374.81,7384.31,7374.06,7382.16
2026-06-11 15:15:00,7382.45,7386.58,7380.75,7386.45
2026-06-11 15:20:00,7386.57,7388.67,7384.44,7386.43
2026-06-11 15:25:00,7386.48,7395.14,7385.24,7392.01
2026-06-11 15:30:00,7392.07,7410.63,7392.0,7409.16
2026-06-11 15:35:00,7409.41,7412.68,7401.24,7402.64
2026-06-11 15:40:00,7402.48,7411.56,7399.88,7407.1
2026-06-11 15:45:00,7407.12,7407.12,7393.03,7393.74
2026-06-11 15:50:00,7393.39,7398.29,7386.93,7395.6
2026-06-11 15:55:00,7395.86,7398.16,7389.53,7393.06
2026-06-11 16:00:00,7391.85,7394.3,7391.85,7394.3
2026-06-11 16:05:00,7394.3,7394.3,7394.3,7394.3
2026-06-11 16:10:00,7394.3,7394.3,7394.3,7394.3
2026-06-11 16:15:00,7394.3,7394.3,7394.3,7394.3
2026-06-11 16:20:00,7394.3,7394.3,7394.3,7394.3
2026-06-11 16:55:00,7394.3,7394.3,7394.3,7394.3
2026-06-12 09:30:00,7410.85,7417.38,7392.51,7395.98
2026-06-12 09:35:00,7396.0,7405.79,7395.71,7403.91
2026-06-12 09:40:00,7403.87,7404.59,7370.71,7370.76
2026-06-12 09:45:00,7370.83,7377.19,7363.01,7368.27
2026-06-12 09:50:00,7368.15,7378.05,7364.28,7373.33
2026-06-12 09:55:00,7373.72,7385.98,7371.72,7379.22
2026-06-12 10:00:00,7379.75,7402.89,7377.85,7399.29
2026-06-12 10:05:00,7399.95,7414.36,7395.49,7414.36
2026-06-12 10:10:00,7414.35,7417.33,7400.79,7406.06
2026-06-12 10:15:00,7405.97,7422.67,7405.78,7415.97
2026-06-12 10:20:00,7415.88,7420.62,7401.94,7404.23
2026-06-12 10:25:00,7404.33,7413.83,7404.22,7408.57
2026-06-12 10:30:00,7408.44,7417.09,7405.37,7410.44
2026-06-12 10:35:00,7410.21,7422.71,7409.91,7416.6
2026-06-12 10:40:00,7416.58,7416.6,7391.91,7391.98
2026-06-12 10:45:00,7392.03,7398.43,7384.45,7386.63
2026-06-12 10:50:00,7386.21,7427.83,7385.96,7427.83
2026-06-12 10:55:00,7428.39,7437.15,7423.0,7436.26
2026-06-12 11:00:00,7436.02,7442.05,7429.3,7434.13
2026-06-12 11:05:00,7433.65,7440.59,7432.13,7437.54
2026-06-12 11:10:00,7437.46,7445.27,7434.51,7443.27
2026-06-12 11:15:00,7443.44,7449.26,7438.48,7449.02
2026-06-12 11:20:00,7449.28,7456.01,7445.19,7454.52
2026-06-12 11:25:00,7454.79,7456.4,7450.66,7452.96
2026-06-12 11:30:00,7453.16,7453.47,7439.64,7439.64
2026-06-12 11:35:00,7439.42,7448.71,7426.44,7431.65
2026-06-12 11:40:00,7431.95,7432.53,7420.69,7422.04
2026-06-12 11:45:00,7421.9,7431.16,7406.99,7407.72
2026-06-12 11:50:00,7407.88,7424.49,7404.9,7420.15
2026-06-12 11:55:00,7420.99,7421.72,7396.68,7401.25
2026-06-12 12:00:00,7401.26,7406.54,7394.6,7402.5
2026-06-12 12:05:00,7401.75,7410.55,7397.32,7408.68
2026-06-12 12:10:00,7408.85,7430.84,7402.74,7422.9
2026-06-12 12:15:00,7423.01,7434.01,7417.19,7418.6
2026-06-12 12:20:00,7418.87,7423.14,7413.14,7420.11
2026-06-12 12:25:00,7419.89,7423.32,7414.25,7418.99
2026-06-12 12:30:00,7418.92,7423.36,7416.04,7423.35
2026-06-12 12:35:00,7423.11,7423.6,7416.32,7419.32
2026-06-12 12:40:00,7419.43,7426.33,7416.25,7417.9
2026-06-12 12:45:00,7417.84,7425.88,7417.27,7425.81
2026-06-12 12:50:00,7425.78,7427.77,7422.08,7423.53
2026-06-12 12:55:00,7423.35,7428.39,7416.14,7427.55
2026-06-12 13:00:00,7427.73,7433.15,7426.78,7432.57
2026-06-12 13:05:00,7432.41,7441.33,7431.7,7435.26
2026-06-12 13:10:00,7435.31,7435.91,7425.41,7432.99
2026-06-12 13:15:00,7432.48,7438.15,7430.92,7437.35
2026-06-12 13:20:00,7437.41,7439.41,7434.43,7436.61
2026-06-12 13:25:00,7436.6,7438.04,7430.07,7434.0
2026-06-12 13:30:00,7433.68,7434.53,7426.53,7427.41
2026-06-12 13:35:00,7427.36,7431.86,7426.01,7429.97
2026-06-12 13:40:00,7429.74,7432.52,7427.17,7429.11
2026-06-12 13:45:00,7429.15,7433.34,7428.57,7430.25
2026-06-12 13:50:00,7430.4,7432.68,7429.29,7431.02
2026-06-12 13:55:00,7431.02,7431.02,7421.79,7425.49
2026-06-12 14:00:00,7425.48,7426.96,7421.94,7422.9
2026-06-12 14:05:00,7422.9,7424.46,7417.78,7421.95
2026-06-12 14:10:00,7421.95,7431.84,7421.12,7422.97
2026-06-12 14:15:00,7422.86,7424.15,7417.05,7419.03
2026-06-12 14:20:00,7418.97,7421.22,7416.95,7419.08
2026-06-12 14:25:00,7419.1,7425.41,7417.74,7424.66
2026-06-12 14:30:00,7424.59,7430.06,7424.52,7428.64
2026-06-12 14:35:00,7428.71,7429.44,7427.1,7429.2
2026-06-12 14:40:00,7429.18,7435.17,7429.18,7434.38
2026-06-12 14:45:00,7434.28,7435.07,7430.55,7432.17
2026-06-12 14:50:00,7432.11,7433.42,7427.48,7432.8
2026-06-12 14:55:00,7432.77,7432.77,7422.38,7422.69
2026-06-12 15:00:00,7422.63,7432.66,7422.06,7432.13
2026-06-12 15:05:00,7431.96,7434.23,7428.55,7429.98
2026-06-12 15:10:00,7430.03,7430.38,7425.37,7427.12
2026-06-12 15:15:00,7426.81,7429.01,7422.74,7428.99
2026-06-12 15:20:00,7428.97,7429.61,7426.35,7428.51
2026-06-12 15:25:00,7428.48,7431.51,7426.21,7426.79
2026-06-12 15:30:00,7426.7,7427.58,7417.81,7417.89
2026-06-12 15:35:00,7417.84,7428.65,7413.14,7418.95
2026-06-12 15:40:00,7418.91,7424.0,7417.0,7420.99
2026-06-12 15:45:00,7420.69,7423.0,7417.11,7421.75
2026-06-12 15:50:00,7421.68,7425.03,7420.38,7425.03
2026-06-12 15:55:00,7425.12,7432.14,7425.12,7430.86
2026-06-12 16:00:00,7430.6,7431.47,7430.6,7431.46
2026-06-12 16:05:00,7431.46,7431.46,7431.46,7431.46
2026-06-12 16:10:00,7431.46,7431.46,7431.46,7431.46
2026-06-12 16:15:00,7431.46,7431.46,7431.46,7431.46
2026-06-12 16:20:00,7431.46,7431.46,7431.46,7431.46
2026-06-12 16:50:00,7431.46,7431.46,7431.46,7431.46
2026-06-15 09:30:00,7516.75,7542.82,7516.75,7538.75
2026-06-15 09:35:00,7538.62,7546.72,7538.62,7542.08
2026-06-15 09:40:00,7542.33,7544.94,7537.88,7539.72
2026-06-15 09:45:00,7539.88,7550.59,7539.88,7550.11
2026-06-15 09:50:00,7550.02,7552.67,7547.68,7548.97
2026-06-15 09:55:00,7548.54,7552.07,7543.25,7543.45
2026-06-15 10:00:00,7544.2,7551.0,7541.74,7547.81
2026-06-15 10:05:00,7548.16,7550.39,7540.93,7543.28
2026-06-15 10:10:00,7543.49,7544.03,7535.86,7541.16
2026-06-15 10:15:00,7541.27,7544.69,7537.22,7543.87
2026-06-15 10:20:00,7543.81,7546.05,7537.91,7540.98
2026-06-15 10:25:00,7541.42,7548.95,7540.94,7548.06
2026-06-15 10:30:00,7548.03,7548.89,7540.87,7543.12
2026-06-15 10:35:00,7543.33,7546.69,7542.47,7545.12
2026-06-15 10:40:00,7545.04,7545.39,7542.18,7543.92
2026-06-15 10:45:00,7543.98,7549.39,7543.98,7546.42
2026-06-15 10:50:00,7546.07,7551.39,7546.07,7550.12
2026-06-15 10:55:00,7550.2,7554.99,7549.67,7552.89
2026-06-15 11:00:00,7553.17,7558.99,7552.99,7558.15
2026-06-15 11:05:00,7558.07,7559.42,7555.34,7558.25
2026-06-15 11:10:00,7558.45,7559.1,7555.77,7558.41
2026-06-15 11:15:00,7558.18,7559.64,7556.53,7557.76
2026-06-15 11:20:00,7557.86,7561.75,7557.63,7559.8
2026-06-15 11:25:00,7559.7,7563.75,7559.63,7562.71
2026-06-15 11:30:00,7562.72,7565.44,7559.89,7559.98
2026-06-15 11:35:00,7559.98,7564.99,7559.78,7563.85
2026-06-15 11:40:00,7564.01,7566.31,7563.1,7565.65
2026-06-15 11:45:00,7565.57,7571.96,7565.57,7571.77
2026-06-15 11:50:00,7571.84,7573.29,7570.48,7571.68
2026-06-15 11:55:00,7571.89,7574.19,7570.65,7572.72
2026-06-15 12:00:00,7572.79,7577.92,7572.54,7575.96
2026-06-15 12:05:00,7575.9,7576.33,7574.16,7574.37
2026-06-15 12:10:00,7574.27,7576.09,7572.37,7573.2
2026-06-15 12:15:00,7573.21,7574.11,7570.5,7573.0
2026-06-15 12:20:00,7573.0,7576.13,7572.75,7575.91
2026-06-15 12:25:00,7576.03,7576.78,7573.92,7575.86
2026-06-15 12:30:00,7575.9,7577.34,7573.1,7573.22
2026-06-15 12:35:00,7573.12,7574.71,7569.76,7570.65
2026-06-15 12:40:00,7570.51,7573.36,7569.2,7571.03
2026-06-15 12:45:00,7570.9,7570.9,7566.85,7568.13
2026-06-15 12:50:00,7568.31,7570.8,7568.11,7568.43
2026-06-15 12:55:00,7568.45,7570.9,7567.46,7570.08
2026-06-15 13:00:00,7570.1,7571.42,7564.73,7569.16
2026-06-15 13:05:00,7569.3,7570.99,7564.47,7565.49
2026-06-15 13:10:00,7565.32,7569.93,7564.84,7569.19
2026-06-15 13:15:00,7569.2,7573.15,7568.28,7571.37
2026-06-15 13:20:00,7571.44,7574.04,7570.76,7573.09
2026-06-15 13:25:00,7573.0,7574.64,7571.62,7572.53
2026-06-15 13:30:00,7572.64,7574.23,7568.82,7570.46
2026-06-15 13:35:00,7570.35,7572.9,7570.35,7571.66
2026-06-15 13:40:00,7571.58,7571.75,7568.67,7568.9
2026-06-15 13:45:00,7568.83,7569.71,7567.24,7569.16
2026-06-15 13:50:00,7569.18,7569.29,7565.94,7566.07
2026-06-15 13:55:00,7565.93,7566.11,7562.3,7563.31
2026-06-15 14:00:00,7563.33,7564.57,7558.19,7559.12
2026-06-15 14:05:00,7559.02,7562.71,7558.19,7561.1
2026-06-15 14:10:00,7561.39,7563.39,7560.86,7563.34
2026-06-15 14:15:00,7563.36,7564.58,7562.22,7562.6
2026-06-15 14:20:00,7562.58,7562.68,7560.5,7561.2
2026-06-15 14:25:00,7561.18,7562.2,7558.31,7558.54
2026-06-15 14:30:00,7558.54,7560.75,7556.1,7559.87
2026-06-15 14:35:00,7559.8,7563.88,7559.02,7563.42
2026-06-15 14:40:00,7563.5,7564.34,7561.82,7564.21
2026-06-15 14:45:00,7564.04,7565.95,7563.0,7563.9
2026-06-15 14:50:00,7563.95,7564.71,7562.15,7563.26
2026-06-15 14:55:00,7563.2,7564.09,7560.05,7560.93
2026-06-15 15:00:00,7561.08,7561.81,7559.01,7559.61
2026-06-15 15:05:00,7559.41,7560.77,7558.59,7559.79
2026-06-15 15:10:00,7559.81,7562.32,7558.57,7561.11
2026-06-15 15:15:00,7561.13,7563.57,7560.19,7560.68
2026-06-15 15:20:00,7560.62,7560.99,7557.35,7557.97
2026-06-15 15:25:00,7557.95,7558.79,7554.54,7554.8
2026-06-15 15:30:00,7554.56,7557.44,7553.17,7553.85
2026-06-15 15:35:00,7553.96,7555.02,7552.45,7554.4
2026-06-15 15:40:00,7554.46,7556.0,7553.64,7555.09
2026-06-15 15:45:00,7555.0,7560.08,7554.38,7558.27
2026-06-15 15:50:00,7558.2,7558.2,7548.65,7549.9
2026-06-15 15:55:00,7550.16,7555.26,7545.56,7555.26
2026-06-15 16:00:00,7556.03,7556.03,7554.29,7554.29
2026-06-15 16:05:00,7554.29,7554.29,7554.29,7554.29
2026-06-15 16:10:00,7554.29,7554.29,7554.29,7554.29
2026-06-15 16:15:00,7554.29,7554.29,7554.29,7554.29
2026-06-15 16:20:00,7554.29,7554.29,7554.29,7554.29
2026-06-15 16:40:00,7554.29,7554.29,7554.29,7554.29
2026-06-16 09:30:00,7548.78,7562.72,7548.78,7561.45
2026-06-16 09:35:00,7561.77,7564.42,7557.8,7557.8
2026-06-16 09:40:00,7557.43,7563.06,7557.34,7558.88
2026-06-16 09:45:00,7559.04,7564.96,7558.56,7561.54
2026-06-16 09:50:00,7561.92,7563.72,7558.61,7559.6
2026-06-16 09:55:00,7559.98,7560.95,7549.97,7550.56
2026-06-16 10:00:00,7550.99,7558.1,7550.99,7557.66
2026-06-16 10:05:00,7557.33,7561.29,7552.37,7561.29
2026-06-16 10:10:00,7561.84,7563.0,7556.67,7558.2
2026-06-16 10:15:00,7558.44,7560.69,7549.61,7550.74
2026-06-16 10:20:00,7550.37,7554.15,7542.13,7545.94
2026-06-16 10:25:00,7546.23,7550.57,7541.66,7541.81
2026-06-16 10:30:00,7541.7,7541.7,7533.03,7535.64
2026-06-16 10:35:00,7535.36,7546.75,7535.22,7546.16
2026-06-16 10:40:00,7546.43,7550.92,7544.05,7544.37
2026-06-16 10:45:00,7544.27,7544.84,7540.53,7541.88
2026-06-16 10:50:00,7541.83,7547.64,7541.68,7542.81
2026-06-16 10:55:00,7542.86,7544.01,7535.66,7539.49
2026-06-16 11:00:00,7540.27,7544.66,7539.28,7543.29
2026-06-16 11:05:00,7543.38,7545.76,7540.51,7544.48
2026-06-16 11:10:00,7544.45,7547.75,7541.42,7544.7
2026-06-16 11:15:00,7544.75,7546.97,7540.56,7540.94
2026-06-16 11:20:00,7540.74,7542.83,7536.44,7539.43
2026-06-16 11:25:00,7539.36,7541.07,7533.33,7536.66
2026-06-16 11:30:00,7536.51,7543.47,7536.51,7541.63
2026-06-16 11:35:00,7541.8,7544.63,7536.92,7538.65
2026-06-16 11:40:00,7538.86,7539.96,7534.12,7534.81
2026-06-16 11:45:00,7534.92,7536.47,7527.4,7532.0
2026-06-16 11:50:00,7532.22,7542.4,7530.36,7541.78
2026-06-16 11:55:00,7541.66,7544.04,7537.77,7537.98
2026-06-16 12:00:00,7537.95,7546.57,7537.39,7543.59
2026-06-16 12:05:00,7543.58,7546.69,7542.93,7545.2
2026-06-16 12:10:00,7545.01,7549.63,7544.07,7547.14
2026-06-16 12:15:00,7546.83,7548.75,7543.63,7546.61
2026-06-16 12:20:00,7546.34,7548.87,7544.81,7545.53
2026-06-16 12:25:00,7545.62,7546.41,7542.21,7544.07
2026-06-16 12:30:00,7543.98,7544.49,7535.11,7535.11
2026-06-16 12:35:00,7534.99,7538.35,7534.2,7537.59
2026-06-16 12:40:00,7537.64,7542.28,7535.91,7540.76
2026-06-16 12:45:00,7540.79,7542.28,7537.38,7537.59
2026-06-16 12:50:00,7537.39,7540.8,7534.71,7536.34
2026-06-16 12:55:00,7536.35,7537.59,7533.44,7537.44
2026-06-16 13:00:00,7537.51,7537.54,7533.62,7534.64
2026-06-16 13:05:00,7534.73,7535.06,7532.48,7534.48
2026-06-16 13:10:00,7534.41,7537.96,7534.31,7536.16
2026-06-16 13:15:00,7536.07,7537.17,7531.32,7531.72
2026-06-16 13:20:00,7531.66,7533.99,7529.19,7533.91
2026-06-16 13:25:00,7533.79,7534.35,7531.22,7532.48
2026-06-16 13:30:00,7532.48,7532.71,7529.68,7530.99
2026-06-16 13:35:00,7530.78,7532.0,7525.28,7526.77
2026-06-16 13:40:00,7526.7,7531.68,7525.42,7529.67
2026-06-16 13:45:00,7529.58,7531.62,7527.51,7531.13
2026-06-16 13:50:00,7531.39,7535.51,7530.37,7535.5
2026-06-16 13:55:00,7535.44,7536.77,7531.12,7531.54
2026-06-16 14:00:00,7531.43,7533.44,7530.54,7532.48
2026-06-16 14:05:00,7532.44,7532.96,7529.77,7530.46
2026-06-16 14:10:00,7530.39,7532.56,7530.04,7530.55
2026-06-16 14:15:00,7530.55,7531.52,7527.72,7529.99
2026-06-16 14:20:00,7530.02,7532.11,7528.89,7530.69
2026-06-16 14:25:00,7530.73,7533.71,7530.48,7531.81
2026-06-16 14:30:00,7531.81,7532.55,7528.8,7529.54
2026-06-16 14:35:00,7529.4,7532.54,7527.95,7531.13
2026-06-16 14:40:00,7531.06,7532.09,7529.64,7531.26
2026-06-16 14:45:00,7531.33,7532.67,7528.53,7528.53
2026-06-16 14:50:00,7528.64,7529.84,7527.63,7528.67
2026-06-16 14:55:00,7528.65,7530.41,7526.47,7527.8
2026-06-16 15:00:00,7527.89,7529.01,7524.33,7528.0
2026-06-16 15:05:00,7528.03,7528.03,7523.37,7523.41
2026-06-16 15:10:00,7523.51,7524.72,7518.81,7519.94
2026-06-16 15:15:00,7519.77,7520.29,7511.63,7520.11
2026-06-16 15:20:00,7520.21,7525.21,7519.49,7524.58
2026-06-16 15:25:00,7524.48,7525.89,7520.49,7522.17
2026-06-16 15:30:00,7522.25,7523.56,7517.15,7517.46
2026-06-16 15:35:00,7517.12,7520.43,7514.34,7514.66
2026-06-16 15:40:00,7514.81,7520.41,7514.0,7520.1
2026-06-16 15:45:00,7520.11,7520.61,7516.09,7518.32
2026-06-16 15:50:00,7518.79,7521.93,7514.89,7521.01
2026-06-16 15:55:00,7520.66,7521.44,7508.68,7512.99
2026-06-16 16:00:00,7512.53,7512.53,7511.35,7511.35
2026-06-16 16:05:00,7511.35,7511.35,7511.35,7511.35
2026-06-16 16:10:00,7511.35,7511.35,7511.35,7511.35
2026-06-16 16:15:00,7511.35,7511.35,7511.35,7511.35
2026-06-16 16:20:00,7511.35,7511.35,7511.35,7511.35
2026-06-16 16:55:00,7511.35,7511.35,7511.35,7511.35
2026-06-17 09:30:00,7524.5,7524.5,7513.07,7516.86
2026-06-17 09:35:00,7516.97,7520.46,7513.7,7514.74
2026-06-17 09:40:00,7514.74,7526.81,7513.96,7526.56
2026-06-17 09:45:00,7526.54,7529.18,7522.91,7523.41
2026-06-17 09:50:00,7522.7,7526.34,7520.3,7524.59
2026-06-17 09:55:00,7524.69,7524.93,7509.68,7509.68
2026-06-17 10:00:00,7509.63,7516.66,7507.33,7514.4
2026-06-17 10:05:00,7514.83,7521.75,7510.36,7517.64
2026-06-17 10:10:00,7517.47,7523.43,7514.49,7522.76
2026-06-17 10:15:00,7522.98,7526.5,7522.14,7524.56
2026-06-17 10:20:00,7524.81,7532.17,7522.58,7531.85
2026-06-17 10:25:00,7531.9,7531.9,7525.31,7527.8
2026-06-17 10:30:00,7527.78,7528.52,7514.92,7518.86
2026-06-17 10:35:00,7518.74,7519.2,7510.55,7510.75
2026-06-17 10:40:00,7510.76,7514.39,7503.37,7513.31
2026-06-17 10:45:00,7513.48,7516.99,7489.94,7504.32
2026-06-17 10:50:00,7504.63,7512.85,7502.48,7512.05
2026-06-17 10:55:00,7511.88,7511.88,7500.62,7501.51
2026-06-17 11:00:00,7501.61,7505.11,7500.65,7502.53
2026-06-17 11:05:00,7502.71,7505.82,7497.1,7498.17
2026-06-17 11:10:00,7498.13,7508.44,7498.13,7507.13
2026-06-17 11:15:00,7507.3,7512.74,7505.26,7508.98
2026-06-17 11:20:00,7508.86,7511.83,7507.31,7509.28
2026-06-17 11:25:00,7509.24,7510.9,7506.87,7510.64
2026-06-17 11:30:00,7510.74,7517.75,7508.81,7516.18
2026-06-17 11:35:00,7516.27,7518.69,7514.35,7517.94
2026-06-17 11:40:00,7518.07,7518.45,7512.93,7514.31
2026-06-17 11:45:00,7514.44,7518.31,7514.18,7517.71
2026-06-17 11:50:00,7517.76,7519.24,7514.14,7515.54
2026-06-17 11:55:00,7515.49,7518.78,7514.4,7517.35
2026-06-17 12:00:00,7517.09,7520.26,7517.09,7518.59
2026-06-17 12:05:00,7518.52,7518.71,7516.12,7517.24
2026-06-17 12:10:00,7517.17,7517.28,7514.1,7517.17
2026-06-17 12:15:00,7517.14,7520.11,7515.44,7520.11
2026-06-17 12:20:00,7520.13,7520.91,7518.34,7520.12
2026-06-17 12:25:00,7520.08,7521.03,7518.39,7518.97
2026-06-17 12:30:00,7518.7,7519.74,7514.25,7514.87
2026-06-17 12:35:00,7514.68,7516.71,7513.09,7516.25
2026-06-17 12:40:00,7516.23,7516.31,7510.94,7513.15
2026-06-17 12:45:00,7513.1,7513.16,7510.09,7511.23
2026-06-17 12:50:00,7511.3,7513.07,7510.34,7510.78
2026-06-17 12:55:00,7510.92,7512.89,7510.05,7510.79
2026-06-17 13:00:00,7510.9,7510.99,7504.2,7505.9
2026-06-17 13:05:00,7505.94,7507.29,7497.68,7504.75
2026-06-17 13:10:00,7504.81,7507.1,7503.96,7504.21
2026-06-17 13:15:00,7503.99,7504.78,7501.0,7504.76
2026-06-17 13:20:00,7504.79,7507.42,7502.52,7504.53
2026-06-17 13:25:00,7504.51,7508.32,7503.66,7507.22
2026-06-17 13:30:00,7507.17,7507.17,7501.97,7502.41
2026-06-17 13:35:00,7502.37,7507.88,7502.17,7506.74
2026-06-17 13:40:00,7506.77,7506.91,7503.03,7503.38
2026-06-17 13:45:00,7503.4,7507.27,7503.01,7507.06
2026-06-17 13:50:00,7506.84,7516.43,7506.23,7514.6
2026-06-17 13:55:00,7514.49,7517.49,7512.42,7517.49
2026-06-17 14:00:00,7518.44,7518.85,7462.82,7462.82
2026-06-17 14:05:00,7462.74,7478.98,7445.53,7478.22
2026-06-17 14:10:00,7477.93,7481.89,7471.25,7476.55
2026-06-17 14:15:00,7476.38,7489.54,7476.38,7488.29
2026-06-17 14:20:00,7487.79,7488.1,7470.85,7472.07
2026-06-17 14:25:00,7472.43,7475.44,7464.2,7473.42
2026-06-17 14:30:00,7473.13,7490.39,7468.08,7469.7
2026-06-17 14:35:00,7469.18,7498.61,7469.18,7492.11
2026-06-17 14:40:00,7492.02,7513.38,7489.45,7510.98
2026-06-17 14:45:00,7510.87,7510.87,7497.47,7499.58
2026-06-17 14:50:00,7499.51,7503.59,7493.25,7495.02
2026-06-17 14:55:00,7494.95,7494.95,7462.76,7471.74
2026-06-17 15:00:00,7470.96,7481.59,7467.81,7471.97
2026-06-17 15:05:00,7471.77,7478.0,7467.25,7467.94
2026-06-17 15:10:00,7468.21,7480.46,7454.83,7476.82
2026-06-17 15:15:00,7477.04,7477.89,7452.88,7452.96
2026-06-17 15:20:00,7452.48,7452.48,7429.3,7429.3
2026-06-17 15:25:00,7429.2,7444.07,7429.2,7431.97
2026-06-17 15:30:00,7431.67,7433.41,7418.99,7419.69
2026-06-17 15:35:00,7419.21,7429.61,7402.61,7405.1
2026-06-17 15:40:00,7405.23,7414.72,7403.8,7409.27
2026-06-17 15:45:00,7409.32,7426.48,7408.8,7417.69
2026-06-17 15:50:00,7418.18,7420.81,7406.03,7409.75
2026-06-17 15:55:00,7409.71,7426.68,7409.71,7421.76
2026-06-17 16:00:00,7420.1,7420.19,7420.08,7420.08
2026-06-17 16:05:00,7420.08,7420.1,7420.08,7420.1
2026-06-17 16:10:00,7420.1,7420.1,7420.1,7420.1
2026-06-17 16:15:00,7420.1,7420.1,7420.1,7420.1
2026-06-17 16:20:00,7420.1,7420.1,7420.1,7420.1
2026-06-17 16:50:00,7420.1,7420.1,7420.1,7420.1
2026-06-18 09:30:00,7487.36,7509.44,7487.36,7489.05
2026-06-18 09:35:00,7489.21,7489.55,7473.54,7475.84
2026-06-18 09:40:00,7475.62,7480.36,7469.52,7469.78
2026-06-18 09:45:00,7469.87,7481.66,7468.32,7481.29
2026-06-18 09:50:00,7481.05,7486.77,7476.17,7476.27
2026-06-18 09:55:00,7476.32,7479.87,7469.24,7476.65
2026-06-18 10:00:00,7476.46,7482.86,7473.99,7478.17
2026-06-18 10:05:00,7478.27,7490.98,7476.93,7488.4
2026-06-18 10:10:00,7488.31,7488.44,7475.48,7478.15
2026-06-18 10:15:00,7478.2,7493.28,7472.74,7490.62
2026-06-18 10:20:00,7490.58,7497.72,7485.39,7494.41
2026-06-18 10:25:00,7494.3,7495.27,7480.59,7482.17
2026-06-18 10:30:00,7482.09,7487.93,7473.75,7487.93
2026-06-18 10:35:00,7488.03,7495.8,7484.8,7494.7
2026-06-18 10:40:00,7494.65,7496.12,7488.82,7491.27
2026-06-18 10:45:00,7491.21,7502.74,7490.95,7500.79
2026-06-18 10:50:00,7500.83,7500.83,7492.62,7495.89
2026-06-18 10:55:00,7495.96,7501.68,7495.22,7498.11
2026-06-18 11:00:00,7498.19,7498.86,7489.59,7494.45
2026-06-18 11:05:00,7494.39,7496.06,7491.35,7493.7
2026-06-18 11:10:00,7493.33,7500.23,7491.7,7491.8
2026-06-18 11:15:00,7491.68,7493.49,7486.28,7486.73
2026-06-18 11:20:00,7486.86,7490.87,7483.79,7485.35
2026-06-18 11:25:00,7485.49,7490.7,7481.64,7482.77
2026-06-18 11:30:00,7483.25,7487.54,7480.32,7484.64
2026-06-18 11:35:00,7484.68,7484.68,7473.17,7479.41
2026-06-18 11:40:00,7479.1,7483.28,7475.66,7478.47
2026-06-18 11:45:00,7478.39,7483.05,7473.88,7481.98
2026-06-18 11:50:00,7481.83,7494.16,7481.83,7490.13
2026-06-18 11:55:00,7490.3,7495.27,7490.3,7492.48
2026-06-18 12:00:00,7492.75,7495.3,7488.79,7489.63
2026-06-18 12:05:00,7489.55,7494.24,7488.1,7490.17
2026-06-18 12:10:00,7490.43,7492.9,7489.13,7491.62
2026-06-18 12:15:00,7491.62,7493.17,7489.1,7491.65
2026-06-18 12:20:00,7491.59,7498.21,7491.59,7494.42
2026-06-18 12:25:00,7494.39,7497.23,7493.32,7496.19
2026-06-18 12:30:00,7496.45,7496.62,7493.28,7495.23
2026-06-18 12:35:00,7495.27,7502.01,7493.87,7501.24
2026-06-18 12:40:00,7501.29,7501.7,7499.0,7499.63
2026-06-18 12:45:00,7499.55,7500.08,7498.26,7498.78
2026-06-18 12:50:00,7498.99,7498.99,7493.23,7494.13
2026-06-18 12:55:00,7494.06,7496.49,7492.23,7496.12
2026-06-18 13:00:00,7496.26,7502.39,7494.2,7502.05
2026-06-18 13:05:00,7502.06,7506.45,7501.88,7504.99
2026-06-18 13:10:00,7504.87,7507.42,7504.04,7505.94
2026-06-18 13:15:00,7505.8,7511.07,7505.15,7509.7
2026-06-18 13:20:00,7509.92,7510.59,7505.4,7505.4
2026-06-18 13:25:00,7505.3,7505.83,7503.86,7505.53
2026-06-18 13:30:00,7505.48,7509.4,7505.48,7507.75
2026-06-18 13:35:00,7507.71,7507.87,7503.25,7503.66
2026-06-18 13:40:00,7503.56,7504.81,7502.76,7503.93
2026-06-18 13:45:00,7503.46,7504.61,7501.59,7502.66
2026-06-18 13:50:00,7502.67,7504.81,7501.66,7502.59
2026-06-18 13:55:00,7502.62,7502.62,7499.73,7500.36
2026-06-18 14:00:00,7500.37,7501.0,7495.48,7496.47
2026-06-18 14:05:00,7496.39,7498.26,7495.67,7496.41
2026-06-18 14:10:00,7496.24,7499.98,7495.86,7496.68
2026-06-18 14:15:00,7496.61,7497.97,7494.06,7496.25
2026-06-18 14:20:00,7496.22,7499.12,7495.15,7496.93
2026-06-18 14:25:00,7497.0,7498.04,7494.89,7494.93
2026-06-18 14:30:00,7494.95,7495.52,7493.2,7494.26
2026-06-18 14:35:00,7494.21,7494.31,7491.6,7492.23
2026-06-18 14:40:00,7492.19,7494.82,7491.52,7494.57
2026-06-18 14:45:00,7494.77,7497.87,7494.2,7497.78
2026-06-18 14:50:00,7497.74,7499.18,7495.54,7496.83
2026-06-18 14:55:00,7496.8,7497.66,7493.04,7493.74
2026-06-18 15:00:00,7493.86,7494.3,7488.81,7489.88
2026-06-18 15:05:00,7489.85,7490.32,7488.58,7489.04
2026-06-18 15:10:00,7489.01,7489.07,7482.39,7484.84
2026-06-18 15:15:00,7484.84,7488.31,7482.84,7488.31
2026-06-18 15:20:00,7488.39,7491.29,7487.81,7489.26
2026-06-18 15:25:00,7488.82,7491.76,7488.52,7489.88
2026-06-18 15:30:00,7489.81,7491.48,7485.7,7491.4
2026-06-18 15:35:00,7491.34,7498.85,7491.34,7498.81
2026-06-18 15:40:00,7498.91,7502.75,7498.21,7502.24
2026-06-18 15:45:00,7502.23,7503.61,7497.77,7499.24
2026-06-18 15:50:00,7499.22,7507.74,7496.25,7503.54
2026-06-18 15:55:00,7503.68,7510.17,7497.86,7497.86
2026-06-18 16:00:00,7498.02,7500.68,7498.02,7500.61
2026-06-18 16:05:00,7500.61,7500.62,7500.58,7500.58
2026-06-18 16:10:00,7500.58,7500.58,7500.58,7500.58
2026-06-18 16:15:00,7500.58,7500.58,7500.58,7500.58
2026-06-18 16:20:00,7500.58,7500.58,7500.58,7500.58
2026-06-18 16:40:00,7500.58,7500.58,7500.58,7500.58
2026-06-22 09:30:00,7500.44,7519.68,7498.88,7508.94
2026-06-22 09:35:00,7508.74,7527.22,7508.73,7526.28
2026-06-22 09:40:00,7526.05,7527.94,7508.39,7510.68
2026-06-22 09:45:00,7510.59,7527.21,7509.6,7524.9
2026-06-22 09:50:00,7524.59,7525.49,7519.78,7520.83
2026-06-22 09:55:00,7520.35,7528.19,7517.19,7528.13
2026-06-22 10:00:00,7529.1,7529.57,7523.63,7525.08
2026-06-22 10:05:00,7524.79,7528.95,7523.05,7528.28
2026-06-22 10:10:00,7528.24,7530.01,7520.86,7521.87
2026-06-22 10:15:00,7521.47,7522.18,7512.45,7513.96
2026-06-22 10:20:00,7513.94,7513.94,7503.07,7504.36
2026-06-22 10:25:00,7504.69,7506.85,7494.93,7495.25
2026-06-22 10:30:00,7495.07,7495.2,7479.89,7484.8
2026-06-22 10:35:00,7484.38,7489.33,7479.73,7484.13
2026-06-22 10:40:00,7484.26,7486.85,7473.83,7474.43
2026-06-22 10:45:00,7474.65,7481.59,7474.22,7476.96
2026-06-22 10:50:00,7477.06,7479.05,7465.34,7466.72
2026-06-22 10:55:00,7467.25,7477.26,7461.04,7475.83
2026-06-22 11:00:00,7475.73,7482.58,7474.96,7479.86
2026-06-22 11:05:00,7479.73,7479.81,7469.55,7471.62
2026-06-22 11:10:00,7471.67,7476.93,7469.95,7473.15
2026-06-22 11:15:00,7473.35,7477.57,7469.12,7470.67
2026-06-22 11:20:00,7470.53,7478.59,7467.97,7477.03
2026-06-22 11:25:00,7477.05,7479.8,7470.62,7472.26
2026-06-22 11:30:00,7472.59,7479.16,7471.84,7475.71
2026-06-22 11:35:00,7475.52,7480.77,7474.05,7480.77
2026-06-22 11:40:00,7480.73,7490.18,7480.73,7487.97
2026-06-22 11:45:00,7487.87,7491.32,7472.28,7474.36
2026-06-22 11:50:00,7473.09,7478.3,7473.09,7474.47
2026-06-22 11:55:00,7474.3,7479.5,7473.34,7474.47
2026-06-22 12:00:00,7474.62,7476.17,7464.74,7465.97
2026-06-22 12:05:00,7466.09,7471.52,7464.97,7470.62
2026-06-22 12:10:00,7470.62,7478.03,7470.25,7477.91
2026-06-22 12:15:00,7477.88,7478.72,7473.46,7478.05
2026-06-22 12:20:00,7478.27,7482.2,7472.55,7474.09
2026-06-22 12:25:00,7473.93,7477.7,7472.06,7476.54
2026-06-22 12:30:00,7476.54,7477.02,7471.59,7471.84
2026-06-22 12:35:00,7471.97,7473.35,7469.66,7472.82
2026-06-22 12:40:00,7472.61,7474.07,7469.51,7472.62
2026-06-22 12:45:00,7472.54,7478.19,7470.45,7478.19
2026-06-22 12:50:00,7478.29,7480.82,7477.59,7479.58
2026-06-22 12:55:00,7479.59,7481.28,7475.83,7478.09
2026-06-22 13:00:00,7478.18,7478.76,7475.36,7477.45
2026-06-22 13:05:00,7477.53,7477.53,7468.83,7471.46
2026-06-22 13:10:00,7471.3,7474.44,7471.09,7474.06
2026-06-22 13:15:00,7474.21,7479.39,7474.21,7479.33
2026-06-22 13:20:00,7479.36,7481.18,7476.1,7477.5
2026-06-22 13:25:00,7477.49,7478.62,7475.68,7475.81
2026-06-22 13:30:00,7475.81,7476.87,7471.89,7473.58
2026-06-22 13:35:00,7473.52,7473.63,7468.38,7473.33
2026-06-22 13:40:00,7473.27,7474.3,7471.37,7472.48
2026-06-22 13:45:00,7472.36,7477.0,7471.29,7476.56
2026-06-22 13:50:00,7476.55,7482.3,7475.76,7480.86
2026-06-22 13:55:00,7480.96,7480.96,7475.61,7475.77
2026-06-22 14:00:00,7475.7,7477.17,7471.91,7474.01
2026-06-22 14:05:00,7473.89,7477.66,7473.71,7477.66
2026-06-22 14:10:00,7477.76,7478.94,7475.55,7478.39
2026-06-22 14:15:00,7478.35,7481.66,7478.35,7480.71
2026-06-22 14:20:00,7480.73,7485.81,7480.73,7482.91
2026-06-22 14:25:00,7482.75,7482.88,7478.01,7479.85
2026-06-22 14:30:00,7479.78,7483.76,7478.11,7478.73
2026-06-22 14:35:00,7478.71,7480.47,7477.82,7478.13
2026-06-22 14:40:00,7478.11,7478.3,7473.31,7473.34
2026-06-22 14:45:00,7473.43,7476.51,7472.72,7476.34
2026-06-22 14:50:00,7476.29,7476.93,7466.5,7468.87
2026-06-22 14:55:00,7469.04,7469.04,7465.13,7465.85
2026-06-22 15:00:00,7465.92,7472.13,7465.58,7469.55
2026-06-22 15:05:00,7469.52,7469.77,7461.69,7465.4
2026-06-22 15:10:00,7465.36,7469.1,7463.77,7467.58
2026-06-22 15:15:00,7467.63,7470.06,7466.32,7469.23
2026-06-22 15:20:00,7469.49,7470.11,7465.14,7465.71
2026-06-22 15:25:00,7465.63,7466.49,7462.87,7462.87
2026-06-22 15:30:00,7462.77,7468.09,7462.77,7465.41
2026-06-22 15:35:00,7465.6,7465.87,7463.12,7464.02
2026-06-22 15:40:00,7463.97,7464.81,7460.01,7460.77
2026-06-22 15:45:00,7460.96,7466.69,7460.64,7466.65
2026-06-22 15:50:00,7466.64,7476.04,7466.64,7474.83
2026-06-22 15:55:00,7474.96,7476.34,7469.26,7475.46
2026-06-22 16:00:00,7473.0,7473.44,7472.94,7472.95
2026-06-22 16:05:00,7472.95,7472.95,7472.79,7472.79
2026-06-22 16:10:00,7472.79,7472.79,7472.79,7472.79
2026-06-22 16:15:00,7472.79,7472.79,7472.79,7472.79
2026-06-22 16:20:00,7472.79,7472.79,7472.79,7472.79
2026-06-22 16:45:00,7472.79,7472.79,7472.79,7472.79
2026-06-23 09:30:00,7366.51,7366.51,7347.6,7365.21
2026-06-23 09:35:00,7365.3,7372.09,7352.05,7371.56
2026-06-23 09:40:00,7372.31,7381.48,7367.28,7376.63
2026-06-23 09:45:00,7376.33,7396.74,7373.52,7391.16
2026-06-23 09:50:00,7391.46,7398.96,7391.46,7394.41
2026-06-23 09:55:00,7394.82,7399.45,7389.45,7399.45
2026-06-23 10:00:00,7399.22,7410.55,7398.15,7407.82
2026-06-23 10:05:00,7408.0,7413.21,7404.2,7411.51
2026-06-23 10:10:00,7411.77,7418.12,7409.68,7417.6
2026-06-23 10:15:00,7417.38,7420.44,7413.53,7420.06
2026-06-23 10:20:00,7419.66,7424.17,7413.3,7416.73
2026-06-23 10:25:00,7416.69,7417.41,7409.57,7417.41
2026-06-23 10:30:00,7417.14,7418.56,7406.07,7410.24
2026-06-23 10:35:00,7409.95,7415.69,7404.06,7404.76
2026-06-23 10:40:00,7404.45,7409.28,7400.24,7401.2
2026-06-23 10:45:00,7401.54,7403.44,7395.27,7400.93
2026-06-23 10:50:00,7401.17,7407.41,7396.15,7399.58
2026-06-23 10:55:00,7399.45,7400.99,7393.79,7397.47
2026-06-23 11:00:00,7398.02,7402.05,7392.26,7393.38
2026-06-23 11:05:00,7393.58,7394.54,7384.73,7387.5
2026-06-23 11:10:00,7387.43,7390.07,7384.61,7388.71
2026-06-23 11:15:00,7388.74,7389.88,7379.45,7379.97
2026-06-23 11:20:00,7379.96,7383.05,7374.17,7374.21
2026-06-23 11:25:00,7374.21,7376.5,7370.61,7373.18
2026-06-23 11:30:00,7373.31,7380.34,7372.33,7377.6
2026-06-23 11:35:00,7377.28,7382.62,7370.96,7372.93
2026-06-23 11:40:00,7372.89,7379.41,7370.5,7377.49
2026-06-23 11:45:00,7377.78,7382.5,7375.98,7378.33
2026-06-23 11:50:00,7378.52,7390.21,7377.5,7387.02
2026-06-23 11:55:00,7387.12,7389.77,7382.15,7387.8
2026-06-23 12:00:00,7387.81,7395.2,7387.09,7395.03
2026-06-23 12:05:00,7395.12,7400.18,7393.89,7399.81
2026-06-23 12:10:00,7399.63,7404.86,7399.63,7402.68
2026-06-23 12:15:00,7402.82,7404.13,7397.46,7398.51
2026-06-23 12:20:00,7398.32,7402.31,7394.15,7401.89
2026-06-23 12:25:00,7401.6,7403.15,7398.79,7402.1
2026-06-23 12:30:00,7401.7,7402.6,7397.62,7399.06
2026-06-23 12:35:00,7399.12,7403.26,7398.38,7403.16
2026-06-23 12:40:00,7402.92,7407.56,7402.92,7406.53
2026-06-23 12:45:00,7406.64,7407.25,7399.34,7401.82
2026-06-23 12:50:00,7401.84,7401.99,7397.61,7401.1
2026-06-23 12:55:00,7401.12,7404.25,7398.51,7402.33
2026-06-23 13:00:00,7402.31,7402.62,7394.4,7395.32
2026-06-23 13:05:00,7395.36,7397.6,7393.37,7397.31
2026-06-23 13:10:00,7397.35,7405.12,7397.13,7401.66
2026-06-23 13:15:00,7401.64,7403.43,7397.62,7399.06
2026-06-23 13:20:00,7399.06,7408.6,7398.8,7407.0
2026-06-23 13:25:00,7407.02,7407.07,7403.22,7403.65
2026-06-23 13:30:00,7403.46,7405.15,7399.98,7405.07
2026-06-23 13:35:00,7405.46,7408.35,7402.97,7403.55
2026-06-23 13:40:00,7403.59,7404.37,7399.17,7399.87
2026-06-23 13:45:00,7399.72,7402.45,7398.77,7400.55
2026-06-23 13:50:00,7400.62,7400.66,7389.16,7389.31
2026-06-23 13:55:00,7389.44,7390.45,7385.9,7386.36
2026-06-23 14:00:00,7386.17,7393.69,7385.64,7388.65
2026-06-23 14:05:00,7388.63,7389.18,7382.42,7385.79
2026-06-23 14:10:00,7385.79,7388.03,7385.33,7386.45
2026-06-23 14:15:00,7386.53,7388.12,7383.07,7384.19
2026-06-23 14:20:00,7384.15,7386.8,7380.72,7385.01
2026-06-23 14:25:00,7385.08,7385.2,7381.42,7382.2
2026-06-23 14:30:00,7382.29,7382.96,7379.07,7379.33
2026-06-23 14:35:00,7379.44,7380.7,7376.62,7377.01
2026-06-23 14:40:00,7377.01,7377.03,7365.87,7365.99
2026-06-23 14:45:00,7365.99,7367.76,7362.83,7367.33
2026-06-23 14:50:00,7367.23,7372.78,7361.22,7364.67
2026-06-23 14:55:00,7364.97,7370.25,7361.76,7368.39
2026-06-23 15:00:00,7368.42,7378.08,7366.18,7377.47
2026-06-23 15:05:00,7377.65,7384.14,7370.29,7372.45
2026-06-23 15:10:00,7372.41,7376.4,7370.18,7372.21
2026-06-23 15:15:00,7372.46,7373.91,7365.98,7366.17
2026-06-23 15:20:00,7366.11,7379.49,7365.39,7375.91
2026-06-23 15:25:00,7375.81,7380.84,7374.07,7378.27
2026-06-23 15:30:00,7378.15,7380.37,7372.14,7378.18
2026-06-23 15:35:00,7378.25,7379.68,7374.06,7374.06
2026-06-23 15:40:00,7374.01,7374.94,7369.38,7372.52
2026-06-23 15:45:00,7372.84,7374.82,7367.29,7374.09
2026-06-23 15:50:00,7374.59,7382.84,7373.29,7382.84
2026-06-23 15:55:00,7382.77,7382.77,7365.67,7365.92
2026-06-23 16:00:00,7364.37,7365.69,7364.37,7365.46
2026-06-23 16:05:00,7365.46,7365.46,7365.46,7365.46
2026-06-23 16:10:00,7365.46,7365.46,7365.46,7365.46
2026-06-23 16:15:00,7365.46,7365.46,7365.46,7365.46
2026-06-23 16:20:00,7365.46,7365.46,7365.46,7365.46
2026-06-24 09:30:00,7370.88,7398.62,7370.45,7397.37
2026-06-24 09:35:00,7397.48,7401.85,7390.02,7392.58
2026-06-24 09:40:00,7391.71,7394.95,7375.45,7386.25
2026-06-24 09:45:00,7385.76,7390.12,7371.42,7383.78
2026-06-24 09:50:00,7383.35,7405.05,7383.35,7401.21
2026-06-24 09:55:00,7401.27,7401.27,7386.72,7387.85
2026-06-24 10:00:00,7388.06,7391.06,7380.75,7383.02
2026-06-24 10:05:00,7383.19,7392.17,7380.92,7385.14
2026-06-24 10:10:00,7385.33,7389.92,7380.02,7384.21
2026-06-24 10:15:00,7384.01,7388.04,7375.44,7377.34
2026-06-24 10:20:00,7376.87,7392.51,7369.0,7391.57
2026-06-24 10:25:00,7391.25,7397.46,7388.3,7393.15
2026-06-24 10:30:00,7393.55,7400.74,7393.41,7398.03
2026-06-24 10:35:00,7397.71,7399.55,7390.69,7390.69
2026-06-24 10:40:00,7390.82,7404.46,7390.53,7404.3
2026-06-24 10:45:00,7404.23,7417.36,7403.76,7411.07
2026-06-24 10:50:00,7411.22,7418.61,7411.22,7412.71
2026-06-24 10:55:00,7412.6,7425.09,7409.88,7424.92
2026-06-24 11:00:00,7424.92,7427.4,7420.2,7421.62
2026-06-24 11:05:00,7421.73,7422.51,7411.36,7413.21
2026-06-24 11:10:00,7412.8,7416.4,7408.84,7412.88
2026-06-24 11:15:00,7413.16,7422.08,7412.58,7420.22
2026-06-24 11:20:00,7420.16,7421.8,7415.24,7415.96
2026-06-24 11:25:00,7415.81,7424.61,7410.24,7424.61
2026-06-24 11:30:00,7424.66,7428.06,7417.83,7421.22
2026-06-24 11:35:00,7420.87,7423.8,7415.18,7416.68
2026-06-24 11:40:00,7416.93,7418.39,7410.52,7412.71
2026-06-24 11:45:00,7413.06,7415.57,7407.56,7415.42
2026-06-24 11:50:00,7415.18,7421.06,7415.18,7416.78
2026-06-24 11:55:00,7416.83,7418.81,7410.2,7412.15
2026-06-24 12:00:00,7411.98,7414.5,7408.35,7409.75
2026-06-24 12:05:00,7409.87,7412.57,7407.02,7410.22
2026-06-24 12:10:00,7410.32,7416.57,7408.52,7413.22
2026-06-24 12:15:00,7413.25,7416.24,7410.66,7411.78
2026-06-24 12:20:00,7411.68,7415.79,7409.13,7414.39
2026-06-24 12:25:00,7414.35,7414.59,7408.63,7409.55
2026-06-24 12:30:00,7409.48,7409.56,7403.71,7404.83
2026-06-24 12:35:00,7404.74,7407.8,7393.76,7393.85
2026-06-24 12:40:00,7393.92,7393.92,7388.26,7391.55
2026-06-24 12:45:00,7391.57,7394.05,7387.94,7392.37
2026-06-24 12:50:00,7392.13,7396.36,7386.76,7386.76
2026-06-24 12:55:00,7386.79,7388.2,7383.79,7385.19
2026-06-24 13:00:00,7385.16,7392.77,7383.73,7392.45
2026-06-24 13:05:00,7392.49,7392.49,7375.26,7377.89
2026-06-24 13:10:00,7377.88,7381.82,7374.74,7376.26
2026-06-24 13:15:00,7376.11,7379.53,7364.62,7366.55
2026-06-24 13:20:00,7366.49,7366.53,7359.67,7359.78
2026-06-24 13:25:00,7359.71,7360.38,7349.53,7350.28
2026-06-24 13:30:00,7350.13,7354.64,7341.71,7351.63
2026-06-24 13:35:00,7351.58,7357.39,7345.38,7353.35
2026-06-24 13:40:00,7353.21,7355.93,7346.73,7347.66
2026-06-24 13:45:00,7347.75,7354.1,7343.93,7352.75
2026-06-24 13:50:00,7352.81,7353.89,7349.41,7353.33
2026-06-24 13:55:00,7353.32,7358.97,7345.81,7346.89
2026-06-24 14:00:00,7346.93,7357.12,7346.24,7354.19
2026-06-24 14:05:00,7354.13,7361.56,7353.92,7357.94
2026-06-24 14:10:00,7358.13,7359.19,7354.54,7357.17
2026-06-24 14:15:00,7357.0,7367.79,7357.0,7365.83
2026-06-24 14:20:00,7366.06,7370.66,7364.12,7370.66
2026-06-24 14:25:00,7370.93,7374.24,7369.65,7371.24
2026-06-24 14:30:00,7371.47,7373.56,7368.02,7370.19
2026-06-24 14:35:00,7370.25,7370.89,7362.99,7364.22
2026-06-24 14:40:00,7364.19,7365.38,7356.95,7360.39
2026-06-24 14:45:00,7360.41,7360.41,7342.86,7345.93
2026-06-24 14:50:00,7345.7,7349.55,7340.84,7348.83
2026-06-24 14:55:00,7349.2,7355.86,7344.73,7347.04
2026-06-24 15:00:00,7347.19,7356.59,7341.64,7354.0
2026-06-24 15:05:00,7353.78,7353.82,7337.38,7341.8
2026-06-24 15:10:00,7341.41,7345.2,7336.82,7344.27
2026-06-24 15:15:00,7344.53,7345.31,7340.61,7343.83
2026-06-24 15:20:00,7343.98,7346.63,7341.04,7346.63
2026-06-24 15:25:00,7346.65,7351.0,7346.35,7348.06
2026-06-24 15:30:00,7348.2,7350.12,7343.71,7344.98
2026-06-24 15:35:00,7345.18,7347.71,7342.64,7345.66
2026-06-24 15:40:00,7346.09,7348.94,7337.69,7343.19
2026-06-24 15:45:00,7343.01,7350.08,7342.66,7348.84
2026-06-24 15:50:00,7348.73,7358.76,7348.71,7357.72
2026-06-24 15:55:00,7358.15,7359.9,7348.82,7359.9
2026-06-24 16:00:00,7358.48,7358.72,7358.22,7358.22
2026-06-24 16:05:00,7358.22,7358.22,7358.22,7358.22
2026-06-24 16:10:00,7358.22,7358.22,7358.22,7358.22
2026-06-24 16:15:00,7358.22,7358.22,7358.22,7358.22
2026-06-24 16:20:00,7358.22,7358.22,7358.22,7358.22
2026-06-24 16:40:00,7358.22,7358.22,7358.22,7358.22
2026-06-25 09:30:00,7404.91,7419.08,7396.25,7399.22
2026-06-25 09:35:00,7398.71,7407.21,7396.19,7396.29
2026-06-25 09:40:00,7396.35,7399.26,7368.17,7370.57
2026-06-25 09:45:00,7370.33,7375.79,7343.85,7356.75
2026-06-25 09:50:00,7356.15,7363.72,7332.22,7334.03
2026-06-25 09:55:00,7333.6,7338.9,7323.5,7325.84
2026-06-25 10:00:00,7325.62,7362.9,7325.62,7359.59
2026-06-25 10:05:00,7359.94,7378.08,7359.94,7376.43
2026-06-25 10:10:00,7376.75,7386.26,7368.88,7369.31
2026-06-25 10:15:00,7369.22,7384.09,7359.77,7383.04
2026-06-25 10:20:00,7383.23,7392.63,7373.58,7377.74
2026-06-25 10:25:00,7377.71,7386.79,7376.69,7382.93
2026-06-25 10:30:00,7382.78,7398.93,7381.95,7391.69
2026-06-25 10:35:00,7391.86,7396.19,7384.19,7394.61
2026-06-25 10:40:00,7394.66,7395.06,7375.69,7381.3
2026-06-25 10:45:00,7381.62,7393.3,7375.89,7390.99
2026-06-25 10:50:00,7390.99,7406.17,7388.74,7405.83
2026-06-25 10:55:00,7405.86,7405.86,7379.58,7379.92
2026-06-25 11:00:00,7380.17,7390.05,7376.6,7389.86
2026-06-25 11:05:00,7389.83,7392.6,7373.56,7375.89
2026-06-25 11:10:00,7375.86,7376.12,7354.52,7357.35
2026-06-25 11:15:00,7357.55,7366.19,7346.78,7364.67
2026-06-25 11:20:00,7364.2,7375.91,7357.94,7373.33
2026-06-25 11:25:00,7373.2,7375.85,7366.17,7369.73
2026-06-25 11:30:00,7370.35,7382.32,7369.83,7370.59
2026-06-25 11:35:00,7370.43,7377.08,7370.37,7370.52
2026-06-25 11:40:00,7370.43,7376.7,7367.58,7376.14
2026-06-25 11:45:00,7375.97,7385.74,7372.04,7373.01
2026-06-25 11:50:00,7372.85,7377.27,7369.25,7373.93
2026-06-25 11:55:00,7373.96,7376.79,7368.42,7369.29
2026-06-25 12:00:00,7369.12,7371.33,7365.36,7369.07
2026-06-25 12:05:00,7369.3,7381.86,7368.39,7381.02
2026-06-25 12:10:00,7381.07,7389.23,7380.65,7384.77
2026-06-25 12:15:00,7384.87,7389.96,7382.54,7383.0
2026-06-25 12:20:00,7383.11,7384.74,7370.81,7372.89
2026-06-25 12:25:00,7372.7,7373.8,7367.43,7370.2
2026-06-25 12:30:00,7370.01,7370.35,7357.88,7361.01
2026-06-25 12:35:00,7361.52,7363.32,7354.56,7356.09
2026-06-25 12:40:00,7356.0,7357.01,7349.16,7350.21
2026-06-25 12:45:00,7350.74,7357.07,7343.28,7356.12
2026-06-25 12:50:00,7356.14,7358.28,7351.51,7354.7
2026-06-25 12:55:00,7354.83,7355.14,7349.03,7353.31
2026-06-25 13:00:00,7353.62,7358.02,7353.57,7353.57
2026-06-25 13:05:00,7353.41,7356.1,7350.02,7354.91
2026-06-25 13:10:00,7354.99,7365.1,7354.99,7360.49
2026-06-25 13:15:00,7360.48,7369.81,7353.95,7353.95
2026-06-25 13:20:00,7353.79,7358.61,7350.07,7357.66
2026-06-25 13:25:00,7357.66,7364.43,7357.03,7360.66
2026-06-25 13:30:00,7360.76,7363.07,7354.23,7357.13
2026-06-25 13:35:00,7357.15,7363.31,7356.7,7360.88
2026-06-25 13:40:00,7360.97,7365.06,7353.49,7354.18
2026-06-25 13:45:00,7354.19,7354.35,7344.96,7346.67
2026-06-25 13:50:00,7346.66,7355.62,7344.69,7353.66
2026-06-25 13:55:00,7353.63,7363.39,7352.0,7363.0
2026-06-25 14:00:00,7362.8,7363.4,7342.91,7347.72
2026-06-25 14:05:00,7347.68,7363.15,7345.89,7362.24
2026-06-25 14:10:00,7362.14,7367.25,7357.43,7360.53
2026-06-25 14:15:00,7360.59,7381.09,7358.16,7376.73
2026-06-25 14:20:00,7376.95,7379.62,7371.09,7377.97
2026-06-25 14:25:00,7377.94,7388.26,7377.94,7386.58
2026-06-25 14:30:00,7386.77,7386.77,7368.02,7368.11
2026-06-25 14:35:00,7368.16,7374.75,7364.61,7371.61
2026-06-25 14:40:00,7372.01,7372.62,7367.06,7367.7
2026-06-25 14:45:00,7367.78,7367.78,7355.74,7363.92
2026-06-25 14:50:00,7363.89,7371.38,7362.7,7365.31
2026-06-25 14:55:00,7365.39,7368.7,7363.88,7366.14
2026-06-25 15:00:00,7366.72,7366.72,7355.53,7357.73
2026-06-25 15:05:00,7357.64,7360.17,7355.91,7358.91
2026-06-25 15:10:00,7358.77,7359.72,7351.24,7352.3
2026-06-25 15:15:00,7352.0,7353.81,7346.86,7350.32
2026-06-25 15:20:00,7350.27,7354.36,7348.37,7353.65
2026-06-25 15:25:00,7354.69,7356.63,7348.69,7352.54
2026-06-25 15:30:00,7352.37,7352.69,7345.86,7350.05
2026-06-25 15:35:00,7349.98,7349.98,7345.04,7348.29
2026-06-25 15:40:00,7348.5,7350.89,7344.83,7347.61
2026-06-25 15:45:00,7347.47,7347.9,7341.69,7344.72
2026-06-25 15:50:00,7345.01,7354.1,7341.85,7353.15
2026-06-25 15:55:00,7353.28,7357.17,7347.35,7357.17
2026-06-25 16:00:00,7359.93,7359.93,7357.49,7357.49
2026-06-25 16:05:00,7357.49,7357.49,7357.49,7357.49
2026-06-25 16:10:00,7357.49,7357.49,7357.49,7357.49
2026-06-25 16:15:00,7357.49,7357.49,7357.49,7357.49
2026-06-25 16:20:00,7357.49,7357.49,7357.49,7357.49
2026-06-25 16:45:00,7357.49,7357.49,7357.49,7357.49
